kic,koi,period_days,depth_ppm,snr,flags
4281068,K07689.01,1.01530474,16445.2,1823.0,co+ss
7630658,K06895.01,1.075577069,140584.0,1589.6,co+ss
9592575,K03565.01,2.63757408,169658.0,1471.6,co+ss
11029877,K07403.01,2.069415479,16188.3,1148.3,co+ss
6066379,K03649.01,1.303858554,126636.0,904.0,co+ss
